<Level>
  <Spawn x="100" y="100" wait="0" interval="0.5" enemy="0" amount="1"/>
  <Spawn x="500" y="100" wait="0" interval="0.5" enemy="0" amount="2"/>
  <Spawn x="500" y="500" wait="0" interval="0.5" enemy="0" amount="3"/>
  <Spawn x="100" y="500" wait="0" interval="0.5" enemy="0" amount="4"/>
  <Spawn x="500" y="500" wait="10" interval="5" enemy="1" amount="2"/>
  <Spawn x="500" y="100" wait="10" interval="5" enemy="1" amount="2"/>
  <Spawn x="100" y="100" wait="10" interval="5" enemy="1" amount="2"/>
  <Spawn x="100" y="500" wait="10" interval="5" enemy="1" amount="2"/>
  <Spawn x="100" y="100" wait="100" interval="0.2" enemy="0" amount="20"/>
  <Spawn x="500" y="100" wait="100" interval="0.2" enemy="0" amount="20"/>
  <Spawn x="500" y="500" wait="100" interval="0.2" enemy="0" amount="20"/>
  <Spawn x="100" y="500" wait="100" interval="0.2" enemy="0" amount="20"/>
  <Spawn x="500" y="500" wait="1000" interval="1" enemy="2" amount="1"/>
</Level>